datetime,reference_clean_excess_return_with_cost,reference_clean_rank_ic,partial_clean_excess_return_with_cost,partial_clean_rank_ic,partial_fgsm_excess_return_with_cost,partial_fgsm_rank_ic,partial_pgd_excess_return_with_cost,partial_pgd_rank_ic,partial_clean_minus_reference_clean_excess_return_with_cost,fgsm_minus_partial_clean_excess_return_with_cost,pgd_minus_partial_clean_excess_return_with_cost,partial_clean_minus_reference_clean_rank_ic,fgsm_minus_partial_clean_rank_ic,pgd_minus_partial_clean_rank_ic
2025-01-02,0.029101073741912842,0.253954246116941,0.029101073741912842,0.2539952384226487,0.029101073741912842,0.24251582328507718,0.029101073741912842,0.2435451668912064,0.0,0.0,0.0,4.099230570769885e-05,-0.01147941513757153,-0.010450071531442312
2025-01-03,0.01136689330660075,-0.019760891714836942,0.01136689330660075,-0.020179690895774243,0.011366845254346131,-0.031771958923435546,0.011366853023647667,-0.03435849493932424,0.0,-4.805225461805562e-08,-4.028295308260155e-08,-0.0004187991809373008,-0.011592268027661303,-0.014178804043549997
2025-01-06,-0.0006933299610522527,-0.07821157570739534,-0.0006933299610522527,-0.07817991286042283,0.004886624872195841,-0.08771777008185222,0.0035117551607952583,-0.08776743083913928,0.0,0.005579954833248094,0.004205085121847511,3.166284697250776e-05,-0.009537857221429386,-0.009587517978716445
2025-01-07,0.01817965634288882,0.0078011680625634195,0.01817965634288882,0.007092682087906391,0.012148575327478733,-0.002321734076731159,0.01046155048277505,-0.002166907996625286,0.0,-0.006031081015410087,-0.0077181058601137695,-0.0007084859746570287,-0.00941441616463755,-0.009259590084531677
2025-01-08,0.0021393707866772934,0.3046261691523358,0.0021393707866772934,0.30555854043813746,-0.0011307799557952927,0.28469113569405136,-0.0021021404003002224,0.2857087825244302,0.0,-0.0032701507424725863,-0.004241511186977516,0.0009323712858016475,-0.020867404744086104,-0.019849757913707244
2025-01-09,0.010713088148878915,0.20659396679428232,0.010713088148878915,0.20643325484642286,0.009799424380529246,0.19328106206400414,0.006564901743134552,0.19446711118015053,0.0,-0.0009136637683496689,-0.004148186405744363,-0.0001607119478594654,-0.01315219278241872,-0.011966143666272328
2025-01-10,-0.016484061098764016,-0.35284420773176983,-0.016484061098764016,-0.3535087827052984,-0.01521936539309569,-0.3587478807725579,-0.013978646545726734,-0.35882170559074594,0.0,0.0012646957056683256,0.002505414553037282,-0.0006645749735285644,-0.005239098067259529,-0.005312922885447546
2025-01-13,0.002686885360166702,0.15298615608357669,0.002686885360166702,0.1533559169653119,0.0034698389996318034,0.1400132719486408,0.004346315560539114,0.1409028566081462,0.0,0.0007829536394651014,0.0016594302003724122,0.0003697608817352094,-0.013342645016671095,-0.012453060357165702
2025-01-14,0.01959540769557133,0.05983518364706541,0.01959540769557133,0.05918388163385509,0.019516035660919064,0.04649602128082597,0.01437197225365339,0.04631143330418057,0.0,-7.937203465226486e-05,-0.005223435441917938,-0.0006513020132103212,-0.012687860353029115,-0.012872448329674518
2025-01-15,-0.0009149312397042222,0.22752794782540509,-0.0009149312397042222,0.22819439040292874,0.004136102738290693,0.20437358896184407,0.0016651605292528906,0.20565847911822221,0.0,0.005051033977994916,0.002580091768957113,0.0006664425775236571,-0.02382080144108467,-0.022535911284706528
2025-01-16,0.0033633740580889986,0.04094969603011504,0.0033653476704215393,0.041400948314560315,0.001149623543356527,0.03108777517642926,0.0022055828008996203,0.03156782538742946,1.973612332540741e-06,-0.0022157241270650122,-0.001159764869521919,0.0004512522844452721,-0.010313173138131054,-0.009833122927130858
2025-01-17,-0.008834478289997448,-0.11674718243918655,-0.008805909858003613,-0.11651013711604877,-0.00045302384899214665,-0.12815050641219008,3.29191441824508e-05,-0.12779199610561232,2.856843199383445e-05,0.008352886009011467,0.008838829002186063,0.0002370453231377856,-0.011640369296141317,-0.011281858989563548
2025-01-20,-0.007162334645599827,0.229618357708675,-0.007152377957696561,0.22982253646893025,-0.00013157160900512284,0.2056175616720282,0.0008811774294855293,0.20577459740149454,9.956687903266669e-06,0.007020806348691438,0.00803355538718209,0.00020417876025524695,-0.024204974796902062,-0.024047939067435714
2025-01-21,-0.006334808687396618,0.2444426245022636,-0.006316107776738164,0.24418444460755406,-0.0036288004233990356,0.2353332979709188,-0.007043697794979661,0.2350335426428224,1.8700910658453994e-05,0.0026873073533391282,-0.000727590018241497,-0.00025817989470952596,-0.008851146636635276,-0.009150901964731672
2025-01-22,0.001330916824070306,-0.03249729451396788,0.0013264983019292752,-0.03214226073322306,0.0015880709704421242,-0.04323600212128754,0.0009638462822793075,-0.04315265721339856,-4.4185221410308895e-06,0.0002615726685128491,-0.0003626520196499676,0.0003550337807448206,-0.01109374138806448,-0.011010396480175502
2025-01-23,-0.006634561490996533,0.3015713201092419,-0.006637446761495424,0.30184238370142347,-0.0006504272032133286,0.2916732839960056,0.0015985557605912783,0.2909503559394531,-2.8852704988908615e-06,0.005987019558282096,0.008236002522086703,0.00027106359218154186,-0.01016909970541785,-0.010892027761970346
2025-01-24,0.005121003455413197,-0.16219302591956444,0.005116198910931591,-0.16208784863780096,0.0006739138799938347,-0.17431261204339793,-0.0022812915575267712,-0.17457446465282023,-4.8045444816053814e-06,-0.0044422850309377565,-0.007397490468458362,0.00010517728176348551,-0.012224763405596972,-0.01248661601501927
2025-01-27,-0.0002844503930700374,-0.18658212456339882,-0.0002850680179000122,-0.18664741343097846,0.006096045700622845,-0.19860873650316335,0.004948106836971839,-0.19768707982482,-6.176248299747723e-07,0.006381113718522857,0.005233174854871851,-6.52888675796437e-05,-0.011961323072184893,-0.011039666393841546
2025-02-05,0.012247300273004306,-0.0913150863930201,0.012251306671351646,-0.09128043037549748,0.004379766660843029,-0.09615605116430578,0.0010586833658472116,-0.09616628484611017,4.006398347340331e-06,-0.007871540010508618,-0.011192623305504435,3.4656017522630145e-05,-0.0048756207888083075,-0.004885854470612697
2025-02-06,0.011309735589464671,-0.2576796078449706,0.011311187951282055,-0.25772606004520426,0.0024589314836069493,-0.2628417308099753,-0.0031945087613289972,-0.2635253210806854,1.4523618173840902e-06,-0.008852256467675106,-0.014505696712611052,-4.645220023363761e-05,-0.005115670764771041,-0.005799261035481118
2025-02-07,0.013945462472656076,0.09733658714274854,0.013937875390727304,0.09784413053617429,0.009405942876538353,0.0862124323287796,0.006230364738276927,0.08552439245986604,-7.587081928772665e-06,-0.004531932514188951,-0.007707510652450377,0.0005075433934257495,-0.01163169820739468,-0.012319738076308248
2025-02-10,0.027365957671417425,-0.19216173348049229,0.027359791535365316,-0.19230692380024098,0.018764304162363795,-0.19659228103931975,0.016958068042219696,-0.19684263581213274,-6.1661360521089725e-06,-0.008595487373001521,-0.01040172349314562,-0.00014519031974868923,-0.004285357239078774,-0.004535712011891763
2025-02-11,0.013583831177908937,0.22050241253163108,0.013883515273228626,0.22042907082514698,0.009463076964714644,0.21364332488796445,0.009990710522422338,0.21408315549265583,0.00029968409531968936,-0.004420438308513982,-0.0038928047508062884,-7.334170648409799e-05,-0.006785745937182536,-0.006345915332491153
2025-02-12,0.008541668936562661,0.1200765883702448,0.008474200883073974,0.12038758010450155,0.0031399976858103662,0.10857363904348889,0.0005104509299679804,0.10859407838153956,-6.746805348868679e-05,-0.005334203197263608,-0.007963749953105994,0.0003109917342567492,-0.011813941061012662,-0.011793501722961994
2025-02-13,-0.00039461634669156194,-0.005819157393304382,1.4510898062252515e-05,-0.005601307626874968,-0.005068492952695375,-0.015335787599516232,-0.004263400089982487,-0.01492464567714018,0.00040912724475381445,-0.0050830038507576275,-0.00427791098804474,0.00021784976642941385,-0.009734479972641263,-0.00932333805026521
2025-02-14,-0.005609848780801113,0.1882856315001955,-0.005719514137968749,0.1880212850916891,-0.005549044681335306,0.1802791954655133,-0.005117036864380472,0.18111151062605013,-0.00010966535716763585,0.00017046945663344235,0.0006024772735882767,-0.000264346408506394,-0.007742089626175813,-0.006909774465638979
2025-02-17,0.005488010562676082,-0.24916186099377374,0.005353282525048448,-0.24903178567452078,0.012726282369659456,-0.2563257016385936,0.010129419459321835,-0.25693630687068714,-0.0001347280376276334,0.007372999844611008,0.004776136934273386,0.00013007531925296467,-0.007293915964072806,-0.007904521196166359
2025-02-18,-0.009540407374490734,0.08179170288534904,-0.00956061155545862,0.08222559247659962,-0.006438002256283287,0.07164247989714416,-0.005889793951329118,0.07104905683231104,-2.020418096788587e-05,0.003122609299175333,0.0036708176041295023,0.000433889591250583,-0.010583112579455461,-0.011176535644288582
2025-02-19,0.0032116836562687827,-0.24280146094923813,0.0030260356387115275,-0.24262342575535756,0.010011975540308988,-0.24640613529681007,0.004567547851463306,-0.24631899202567223,-0.0001856480175572552,0.00698593990159746,0.0015415122127517785,0.00017803519388057132,-0.003782709541452517,-0.0036955662703146708
2025-02-20,0.010724352882312299,0.22660681902919116,0.0104931288341685,0.22675717540212764,0.012852755466912745,0.2098378272622626,0.01266374772713361,0.21037987135800648,-0.00023122404814379834,0.0023596266327442442,0.002170618892965109,0.00015035637293647763,-0.016919348139865037,-0.01637730404412116
2025-02-21,-0.01055259538760839,0.00919677599065937,-0.010913834708818739,0.008489546458367669,-0.010679699847325426,-0.005922561453682075,-0.011801425540279986,-0.0058901012988928254,-0.0003612393212103493,0.00023413486149331288,-0.0008875908314612477,-0.0007072295322917005,-0.014412107912049745,-0.014379647757260495
2025-02-24,0.008405196135555123,0.036270272593595866,0.00844273649854546,0.035684429846412104,0.007476232789282506,0.026887844525391894,0.011809882005058524,0.026477788069925744,3.754036299033654e-05,-0.0009665037092629536,0.0033671455065130643,-0.0005858427471837624,-0.00879658532102021,-0.00920664177648636
2025-02-25,0.002561739081382011,0.19568918679509967,0.002745850881876995,0.19591390938985892,0.0014969591025174615,0.18051691562114036,0.0052602752911587,0.18015701886727523,0.00018411180049498392,-0.0012488917793595333,0.002514424409281705,0.00022472259475925238,-0.015396993768718559,-0.015756890522583694
2025-02-26,0.0030277375177975335,0.3584074975207757,0.004315708589672856,0.3591242691639533,3.763374878843661e-05,0.33841406457788537,0.0006377988986323268,0.33917370137976943,0.0012879710718753227,-0.00427807484088442,-0.0036779096910405295,0.0007167716431775717,-0.020710204586067926,-0.01995056778418386
2025-02-27,-0.0025756565258546354,0.0021000404830864602,-0.002207657097530122,0.0020290621795760666,-0.0013673471111827211,-0.0047059548370734,-0.0038838370055629865,-0.00475508641447561,0.0003679994283245134,0.0008403099863474009,-0.0016761799080328645,-7.097830351039365e-05,-0.006735017016649467,-0.006784148594051676
2025-02-28,-0.0028126742707511765,-0.038675062941377805,-0.0029184354513625576,-0.03803187152238265,-0.0006668245963580513,-0.04936351987043188,0.0020469267163764,-0.049162791315692886,-0.00010576118061138111,0.0022516108550045062,0.004965362167738957,0.0006431914189951524,-0.011331648348049228,-0.011130919793310233
2025-03-03,-0.0032035099542916125,-0.02374631394690376,-0.003411449999755084,-0.023500442004825407,0.003086665819602457,-0.03421733109810215,6.517596696187301e-05,-0.03420555791911843,-0.0002079400454634713,0.006498115819357541,0.003476625966716957,0.00024587194207835103,-0.01071688909327674,-0.010705115914293024
2025-03-04,0.011969462018068422,0.02225618581022536,0.011994564506408114,0.02246000207040122,0.011799663935542336,0.01526221053345208,0.012484631994621822,0.015682867433768302,2.5102488339692405e-05,-0.00019490057086577785,0.0004900674882137076,0.00020381626017585905,-0.00719779153694914,-0.006777134636632917
2025-03-05,-0.010093293327247833,0.12736577194574655,-0.010111267512844482,0.12639640546234573,-0.002735128679024226,0.11542523510957575,-0.008852839623510095,0.11559603056231631,-1.7974185596649622e-05,0.007376138833820257,0.0012584278893343868,-0.0009693664834008187,-0.010971170352769982,-0.010800374900029427
2025-03-06,-0.00032254188543824516,0.01580046512948303,-0.00031701113812100234,0.015309605178856867,0.0011222688257878485,0.0054668631034976494,-0.006665977249165939,0.005354320681573106,5.5307473172428205e-06,0.0014392799639088509,-0.006348966111044936,-0.0004908599506261643,-0.009842742075359217,-0.009955284497283761
2025-03-07,-0.001954719222900626,0.09418553843003905,-0.0019629036205814163,0.09396126779663952,-0.0007130714956464208,0.08333772982904288,-0.00018434994591863752,0.08290386344860724,-8.184397680790264e-06,0.0012498321249349955,0.0017785536746627788,-0.0002242706333995259,-0.010623537967596644,-0.011057404348032276
2025-03-10,0.006435437990728043,0.07763649143036556,0.004029006350073789,0.07808651648716793,0.007044539154842152,0.06535238204824872,0.009992987231223249,0.06506447560104216,-0.0024064316406542533,0.0030155328047683626,0.00596398088114946,0.00045002505680236116,-0.0127341344389192,-0.013022040886125769
2025-03-11,0.005925441920418304,0.18110957349510293,0.006815160902003122,0.18094115932136776,0.0018683117716237429,0.16330368280924448,0.00105417528739692,0.1631856233268166,0.000889718981584818,-0.004946849130379379,-0.0057609856146062025,-0.00016841417373517076,-0.017637476512123273,-0.017755535994551153
2025-03-12,0.009829847225932534,0.046928841703343625,0.009914426156907265,0.04662256463725659,0.009857779985138907,0.03327605361897931,0.006280901224503384,0.03285539689699312,8.457893097473142e-05,-5.664617176835869e-05,-0.0036335249324038815,-0.0003062770660870323,-0.013346511018277281,-0.013767167740263472
2025-03-13,0.0020565633558496535,0.007245472154873683,0.0021695162867246902,0.007464267286209047,0.0027519953433952967,0.0008579827117549896,0.008310603752185935,0.0009073532930507148,0.0001129529308750367,0.0005824790566706065,0.006141087465461244,0.00021879513133536439,-0.006606284574454058,-0.006556913993158333
2025-03-14,-0.01739898614949195,0.12624930111577912,-0.016661145813471875,0.12647260003051256,-0.010929191040011806,0.1149273165780289,-0.013343508543431271,0.1149819129506664,0.0007378403360200729,0.0057319547734600695,0.0033176372700406045,0.00022329891473343855,-0.011545283452483651,-0.011490687079846157
2025-03-17,0.006482444236297137,0.305501863873277,0.006758197494211213,0.305322906727697,0.008780617475298425,0.28796792665513,0.007298815592209069,0.2880740992817908,0.0002757532579140765,0.0020224199810872116,0.000540618097997856,-0.0001789571455799721,-0.017354980072567028,-0.017248807445906233
2025-03-18,0.00852796140167326,0.25692416775679644,0.008891492770335902,0.2569084678271718,0.001549963459753596,0.24291722907500402,0.004624525243464325,0.24277586514486113,0.00036353136866264235,-0.007341529310582306,-0.004266967526871577,-1.5699929624635178e-05,-0.01399123875216779,-0.014132602682310674
2025-03-19,-0.0034174869661727863,0.29033827767235726,-0.0034987591608438293,0.29057181635983476,-0.0068752683289949055,0.27570099619847405,-0.003478060899089517,0.2757029806932496,-8.127219467104303e-05,-0.003376509168151076,2.069826175431222e-05,0.00023353868747749695,-0.01487082016136071,-0.014868835666585145
2025-03-20,0.018925434854094668,0.16370212084364358,0.01927699169164174,0.16444551075168817,0.012202773776091497,0.1464601739752436,0.011841107993050099,0.1469872313137636,0.00035155683754707276,-0.007074217915550244,-0.007435883698591642,0.0007433899080445949,-0.017985336776444566,-0.01745827943792458
2025-03-21,0.010552585868158288,0.2025913321332698,0.011494955426452258,0.20180646546715988,0.006626374159838872,0.1822627007892289,0.009051912389662038,0.18263822852378464,0.0009423695582939703,-0.004868581266613386,-0.002443043036790221,-0.0007848666661099124,-0.01954376467793098,-0.019168236943375244
2025-03-24,-0.01715715310911244,0.08557951678433082,-0.01714148307708542,0.08643811909748432,-0.014438442410073705,0.07775701245984903,-0.011814926918131496,0.07751020386606097,1.5670032027018804e-05,0.0027030406670117153,0.005326556158953924,0.0008586023131535031,-0.008681106637635286,-0.008927915231423347
2025-03-25,0.004506406538120612,0.14755199557307355,0.0054326030983348995,0.14729661497011362,0.004679541751942441,0.137282433348148,0.011376063781940953,0.13851108524250755,0.0009261965602142871,-0.0007530613463924583,0.005943460683606054,-0.0002553806029599315,-0.010014181621965629,-0.008785529727606073
2025-03-26,0.01298178062602914,0.22631103258080804,0.012335169330708601,0.22638594499390152,0.012664704006261737,0.21161099617417078,0.012518556120212666,0.21092259164149949,-0.0006466112953205389,0.0003295346755531354,0.00018338678950406521,7.49124130934864e-05,-0.014774948819730738,-0.015463353352402037
2025-03-27,-0.008832671252348247,0.09662913485816156,-0.007971701469753732,0.09737080629000365,-0.008131588585317073,0.09261322314890619,-0.005961863561193514,0.09325966695772953,0.0008609697825945149,-0.00015988711556334106,0.002009837908560218,0.0007416714318420892,-0.004757583141097463,-0.004111139332274125
2025-03-28,-0.003240008371165299,0.11165879826643811,-0.0034813350980788848,0.11175560566527824,-0.003977074083676921,0.09666740354038067,-0.006910290133824883,0.09758257516043539,-0.0002413267269135858,-0.0004957389855980363,-0.003428955035745998,9.68073988401319e-05,-0.015088202124897573,-0.014173030504842851
2025-03-31,-0.005196036114349256,0.06837972753288894,-0.005400958935941969,0.06843059795680131,-0.000637287207519895,0.05872477462367229,-0.003424101169572459,0.058514977118387566,-0.00020492282159271288,0.004763671728422074,0.00197685776636951,5.0870423912371954e-05,-0.009705823333129027,-0.009915620838413748
2025-04-01,0.013876121756960407,0.13084803584061344,0.013815811883476026,0.13106491097597542,0.010729142378561651,0.12119302194552634,0.01439487610971846,0.12209967107870866,-6.030987348438176e-05,-0.0030866695049143744,0.0005790642262424334,0.0002168751353619769,-0.009871889030449083,-0.00896523989726676
2025-04-02,0.002870125129113702,0.21806170848309625,0.002350280338278454,0.21824001376725685,0.0027751359675841974,0.20517665004639862,0.0017376537162399847,0.20732024859738366,-0.0005198447908352482,0.0004248556293057434,-0.0006126266220384694,0.00017830528416060143,-0.013063363720858229,-0.010919765169873197
2025-04-03,0.0036019109469148983,-0.09023061531561934,0.0033562291435319217,-0.0908416518280008,0.005644866336008,-0.11292633249668275,0.009577444696635684,-0.11252042071039152,-0.00024568180338297666,0.0022886371924760785,0.006221215553103763,-0.000611036512381466,-0.022084680668681952,-0.021678768882390717
2025-04-07,-0.028334974601731257,0.11851404108197199,-0.026220058409123382,0.11543722574507155,-0.03696000004605475,0.0883359484294544,-0.01978958299966275,0.08936364530689574,0.0021149161926078755,-0.010739941636931368,0.0064304754094606335,-0.0030768153369004347,-0.02710127731561715,-0.026073580438175814
2025-04-08,0.0012327263393663254,-0.04104076533087274,0.0006814673196645823,-0.03985067996631248,0.004006647208361625,-0.05464304210776952,0.002594526677052046,-0.055556710848854746,-0.0005512590197017431,0.0033251798886970428,0.0019130593573874637,0.0011900853645602574,-0.014792362141457037,-0.015706030882542264
2025-04-09,0.006669603002687775,0.16053071593450285,0.00699740506900933,0.1613069282441412,0.010120277431712623,0.14441444519486574,0.004630486280567656,0.14754233281904,0.0003278020663215553,0.0031228723627032924,-0.002366918788441674,0.0007762123096383411,-0.01689248304927546,-0.013764595425101195
2025-04-10,0.00571844846676989,-0.07104105550215563,0.0028497532437878237,-0.07117320665613315,0.004704839080244069,-0.08556478086818411,-0.001855136698472078,-0.08550556466887785,-0.0028686952229820665,0.0018550858364562452,-0.0047048899422599015,-0.0001321511539775222,-0.014391574212050964,-0.014332358012744698
2025-04-11,-0.00652250765479414,0.18191107871844922,-0.00717198147017296,0.18218922361011056,-0.00431979231256444,0.17293229165266993,-0.007697697331125522,0.17338804815715028,-0.0006494738153788194,0.0028521891576085198,-0.0005257158609525622,0.00027814489166133605,-0.009256931957440623,-0.008801175452960275
2025-04-14,0.013451570715215027,0.13253741764648666,0.012725972096492207,0.13326458212681808,0.012430772713387071,0.11856242563659403,0.010741480289458727,0.11863712069480516,-0.0007255986187228204,-0.0002951993831051356,-0.0019844918070334797,0.0007271644803314159,-0.01470215649022405,-0.01462746143201292
2025-04-15,0.00013557639518857993,0.04793456781772577,-0.00043969628970585246,0.04786935183575701,-0.0017450801285219743,0.04178730822478129,-0.001623412698934292,0.04203244590960984,-0.0005752726848944323,-0.0013053838388161218,-0.0011837164092284396,-6.521598196876366e-05,-0.006082043610975717,-0.005836905926147169
2025-04-16,-0.008324168492340798,0.2520955063618537,-0.007833229823115167,0.25182900204514747,-0.010014937292368603,0.23385795895290207,-0.008769261801462386,0.23645715066729955,0.0004909386692256313,-0.002181707469253436,-0.0009360319783472196,-0.00026650431670621755,-0.017971043092245398,-0.015371851377847912
2025-04-17,0.004080280926165481,-0.004872264247578087,0.0037592395863789052,-0.0049448931839470925,0.0017456317064335428,-0.01394737741692869,-0.0014877273431652194,-0.014079953382112187,-0.0003210413397865754,-0.0020136078799453624,-0.0052469669295441244,-7.26289363690057e-05,-0.009002484232981597,-0.009135060198165094
2025-04-18,0.0010192771665045513,0.12578667029631163,0.0011742391494467712,0.1255717209722251,0.002088382978129644,0.11256724807432894,0.0029403460602801168,0.11258268848663348,0.00015496198294221992,0.0009141438286828726,0.0017661069108333455,-0.00021494932408652745,-0.013004472897896163,-0.01298903248559162
2025-04-21,0.005355811717529754,0.18143011856951435,0.003043296391137983,0.18122087502476927,0.005246718828720267,0.16231718973916145,0.005165949319478869,0.16332157254548427,-0.0023125153263917706,0.002203422437582284,0.002122652928340886,-0.00020924354474508022,-0.01890368528560782,-0.017899302479285006
2025-04-22,0.0046520005949010745,0.07142103782031076,0.004563641825288045,0.07071638002767432,0.0059528218463081,0.06064325330743665,0.006258434057997421,0.060687967549976136,-8.835876961302974e-05,0.001389180021020055,0.0016947922327093766,-0.00070465779263644,-0.01007312672023767,-0.01002841247769818
2025-04-23,0.005381781710852832,0.13100615327767165,0.005740005944198329,0.1309936913849617,0.002023843321813076,0.12117084455070651,0.003297206863972377,0.12098633925062975,0.0003582242333454973,-0.003716162622385253,-0.002442799080225952,-1.2461892709952904e-05,-0.009822846834255189,-0.010007352134331945
2025-04-24,0.008974728067704012,0.14330827453919504,0.008810194746959071,0.1433170578822713,0.008729031922280686,0.1354160238676304,0.009727792262673157,0.13593830222258949,-0.00016453332074494072,-8.116282467838555e-05,0.0009175975157140852,8.783343076274042e-06,-0.0079010340146409,-0.007378755659681824
2025-04-25,0.006406636710144061,0.0533306031663802,0.006843004388174396,0.05376302904963981,0.007651349342738054,0.050155365753318706,0.007610426431875152,0.0497482329582529,0.000436367678030335,0.0008083449545636581,0.0007674220437007559,0.00043242588325961145,-0.0036076632963211036,-0.004014796091386913
2025-04-28,-0.005429059082498629,-0.01691130336822639,-0.005053302267150226,-0.01588410272083517,-0.008976723698703639,-0.02794614813222882,-0.009006726156809286,-0.02751551323642649,0.00037575681534840304,-0.003923421431553413,-0.003953423889659059,0.0010272006473912194,-0.012062045411393649,-0.011631410515591321
2025-04-29,-0.006990846960290981,-0.16586144397832836,-0.008545727319081823,-0.1657223717449625,0.004412558432946723,-0.1742273109092832,-0.0004583922583414091,-0.1738931552395192,-0.0015548803587908423,0.012958285752028547,0.008087335060740414,0.00013907223336587227,-0.008504939164320713,-0.008170783494556716
2025-04-30,-0.002709684447453356,0.0808632455680845,-0.0030693939759066607,0.08139702389042122,0.0013511471465220825,0.07675127615951305,-0.0028838714154429974,0.07782511283949507,-0.0003597095284533047,0.004420541122428743,0.00018552256046366336,0.0005337783223367254,-0.004645747730908173,-0.0035719110509261492
2025-05-06,0.0031145941014217794,0.16555726941117485,0.0017613048406221537,0.16518727421399695,0.0037533944010606263,0.15635398928926425,0.0038148799801495017,0.15623977732810626,-0.0013532892607996257,0.0019920895604384724,0.002053575139527348,-0.00036999519717789697,-0.008833284924732704,-0.008947496885890693
2025-05-07,-0.002338458853782139,0.21909942576083802,-0.0029588624912929083,0.21969086362557222,0.0007252279080467976,0.21108682151924232,-0.00032349262878899384,0.2113728089513612,-0.0006204036375107693,0.003684090399339706,0.0026353698625039145,0.0005914378647342011,-0.008604042106329896,-0.008318054674211012
2025-05-08,0.0013896784741485313,-0.08457589651751787,0.0022602490232011664,-0.08493452740643173,0.0019990748870991615,-0.09386191146369537,-0.0004315873475653322,-0.09415967415585405,0.0008705705490526352,-0.00026117413610200497,-0.0026918363707664986,-0.00035863088891385786,-0.008927384057263635,-0.00922514674942232
2025-05-09,-0.0026560550478319086,0.07414643182325378,-0.003318181597257723,0.07462950039832815,0.0013261403907711801,0.06738861668513575,0.003333132334919135,0.06892990838828729,-0.0006621265494258142,0.004644321988028903,0.006651313932176857,0.0004830685750743663,-0.0072408837131923975,-0.00569959201004086
2025-05-12,-0.005367349260878189,0.03701625907637449,-0.006615670662251481,0.03633990432830938,-0.003971008459943073,0.026308545895119034,-0.004116663476313713,0.028220934107121974,-0.0012483214013732915,0.0026446622023084078,0.002499007185937768,-0.0006763547480651139,-0.010031358433190345,-0.008118970221187405
2025-05-13,-0.003848120359492727,0.08317398117528561,-0.0039935006412063784,0.08335937541759673,-0.004764605532350718,0.07502576451789389,-0.003565814112645583,0.07612697848994754,-0.00014538028171365161,-0.0007711048911443396,0.00042768652856079543,0.000185394242311121,-0.008333610899702845,-0.007232396927649196
2025-05-14,-0.009525111182668132,0.11623783831116911,-0.009925531831110153,0.11666912607971039,-0.012429048921365793,0.10666775975389536,-0.011554859779622574,0.10776604234112669,-0.00040042064844202085,-0.00250351709025564,-0.0016293279485124212,0.0004312877685412747,-0.010001366325815025,-0.0089030837385837
2025-05-15,0.0009822824065926336,0.04919909469594116,0.0007532592062206622,0.04957943067934304,-0.0013521713547322762,0.04582934597228865,0.0004314433239386927,0.04360686940081445,-0.00022902320037197137,-0.0021054305609529383,-0.0003218158822819695,0.00038033598340188324,-0.003750084707054388,-0.00597256127852859
2025-05-16,0.009866993451317084,0.06223354678828049,0.008817722507274002,0.06218668662032193,0.007844884131523455,0.054308574092298834,0.007054170668837879,0.054355487366262015,-0.0010492709440430813,-0.0009728383757505472,-0.001763551838436123,-4.686016795855952e-05,-0.007878112528023097,-0.007831199254059916
2025-05-19,0.012615262076337378,0.18771414605666686,0.011913626728937395,0.18768593787805277,0.014632222167297197,0.1754382091945527,0.009739187212292654,0.17713855766105707,-0.0007016353473999828,0.0027185954383598023,-0.002174439516644741,-2.8208178614097523e-05,-0.012247728683500075,-0.010547380216995694
2025-05-20,-0.0017861342263879516,0.17003883127253358,-0.002085709312697685,0.16986574185189984,-0.001221932591641136,0.15690406787306077,-0.0008108674346974759,0.15782340588256494,-0.0002995750863097333,0.0008637767210565488,0.001274841878000209,-0.00017308942063373745,-0.012961673978839072,-0.012042335969334905
2025-05-21,-0.009004705462857839,0.14305733739404836,-0.008760621674269348,0.14308394903801253,-0.012619679044344561,0.13329327762594229,-0.011018715297116772,0.13248995013465054,0.0002440837885884905,-0.0038590573700752126,-0.002258093622847424,2.6611643964169485e-05,-0.00979067141207024,-0.01059399890336199
2025-05-22,-0.010310642368456184,-0.12148576082794678,-0.01012963334368823,-0.12094424208878263,-0.012346111940345815,-0.12453249299383636,-0.008723714307734515,-0.12522187226900824,0.00018100902476795439,-0.0022164785966575853,0.0014059190359537142,0.0005415187391641513,-0.0035882509050537276,-0.004277630180225617
2025-05-23,-0.0031773670014623723,0.042570620135747375,-0.003301822852956823,0.04224786584465151,-0.003942561754567508,0.033968692286757154,-0.004704894264176225,0.03428037555941283,-0.00012445585149445078,-0.000640738901610685,-0.0014030714112194024,-0.0003227542910958642,-0.008279173557894356,-0.00796749028523868
2025-05-26,0.014341034694489089,0.1552565811384538,0.01471304041042118,0.15548998092259012,0.015770168197683343,0.14541421636644983,0.015556357037991176,0.1442176814383024,0.0003720057159320913,0.0010571277872621632,0.0008433166275699962,0.0002333997841363067,-0.010075764556140288,-0.011272299484287707
2025-05-27,0.006889252823342023,0.02477630630657046,0.006294020610334163,0.024531583718083547,0.003671414781039629,0.011514168492926852,0.002284408976316185,0.011612979349554855,-0.0005952322130078598,-0.0026226058292945346,-0.0040096116340179785,-0.00024472258848691475,-0.013017415225156695,-0.012918604368528692
2025-05-28,0.0010395950417060704,0.25142316325210995,0.0007520880465999489,0.2512484431851896,0.002631673829317846,0.23909907250910076,0.0007614407291570667,0.23953527947932116,-0.0002875069951061215,0.001879585782717897,9.352682557117829e-06,-0.00017472006692037523,-0.012149370676088816,-0.011713163705868418
2025-05-29,0.009787891215773012,-0.061655342124251354,0.01217483048505993,-0.061762471269953406,0.01609847277972463,-0.0727168030851828,0.01430607198610786,-0.07374833861343326,0.0023869392692869185,0.0039236422946647,0.0021312415010479296,-0.00010712914570205206,-0.010954331815229396,-0.011985867343479853
2025-05-30,-0.008578082719050133,0.07523332166365275,-0.010268207363446512,0.07507138873695028,-0.013475497728048232,0.06623519746131958,-0.009703778232295852,0.06686070095900773,-0.0016901246443963795,-0.00320729036460172,0.0005644291311506597,-0.00016193292670246828,-0.008836191275630706,-0.008210687777942552
2025-06-03,0.00239898178985612,0.04294693083546975,0.0027466866866232235,0.04345881508075806,-0.0013850400078688624,0.032672280423565216,0.00041501825414260883,0.03311295973023527,0.0003477048967671036,-0.004131726694492086,-0.0023316684324806145,0.0005118842452883077,-0.010786534657192842,-0.010345855350522785
2025-06-04,0.0031229110006012716,0.23227177833859738,0.003154861782218781,0.23211104025216095,0.0044470680628574295,0.21048413508432526,0.001994136431394739,0.21007855775792178,3.195078161750964e-05,0.0012922062806386483,-0.0011607253508240422,-0.00016073808643643495,-0.02162690516783569,-0.02203248249423917
2025-06-05,0.0011134069886699993,-0.12868496038682947,0.0020729095825853215,-0.12874236526007213,-0.003686303887066235,-0.12889187808333002,0.0001825752154174368,-0.12874504544274418,0.0009595025939153222,-0.005759213469651556,-0.0018903343671678847,-5.740487324265575e-05,-0.00014951282325789683,-2.6801826720490585e-06
2025-06-06,0.008683493838613096,0.14549038570434258,0.007799223567858908,0.14601847893970796,0.008275671054638981,0.13073301872296444,0.0069863465999236785,0.13051645643516063,-0.0008842702707541877,0.0004764474867800725,-0.0008128769679352299,0.0005280932353653733,-0.015285460216743513,-0.015502022504547325
2025-06-09,0.00546791679232256,0.11183952839497113,0.005405113539682616,0.11146692472810513,0.006178259986423117,0.10326117024614404,0.003065992202667851,0.10291365291076401,-6.280325263994385e-05,0.0007731464467405011,-0.002339121337014765,-0.000372603666866006,-0.008205754481961092,-0.008553271817341113
2025-06-10,0.006574379604306177,0.014986251826967695,0.005919829342602433,0.014520890674056432,0.0037259324089349535,0.004806189457372294,0.003443016770719771,0.004777656026183711,-0.000654550261703744,-0.0021938969336674796,-0.002476812571882662,-0.0004653611529112627,-0.009714701216684139,-0.00974323464787272
2025-06-11,0.005122815553150774,0.27981197935049956,0.005391081389712505,0.2794969393379941,0.003991492835944171,0.2643713729370334,0.0027203160101132145,0.26418682361828344,0.0002682658365617315,-0.0013995885537683344,-0.0026707653795992907,-0.0003150400125054853,-0.015125566400960688,-0.015310115719710637
2025-06-12,0.0016487955281141132,-0.08529096448585409,0.002718697578734215,-0.08544899434636147,8.985970206065624e-05,-0.09348418144664836,-0.00012116210939407005,-0.09463435373484873,0.0010699020506201018,-0.0026288378766735586,-0.002839859688128285,-0.00015802986050737766,-0.008035187100286889,-0.00918535938848726
2025-06-13,-0.006114254885163975,0.18833714679074126,-0.006884987639460786,0.1887393711056305,-0.006186190622017589,0.17631268278634935,-0.004907164682202391,0.1759519550289894,-0.0007707327542968113,0.0006987970174431972,0.0019778229572583947,0.0004022243148892324,-0.012426688319281148,-0.012787416076641106
2025-06-16,0.0036663596711154446,0.010831358230282919,0.003676916637582435,0.010510508962183014,0.0006999213770007124,0.004436268022554236,0.0032825576932557893,0.005521594724903306,1.0556966466990312e-05,-0.0029769952605817225,-0.00039435894432664556,-0.0003208492680999049,-0.006074240939628777,-0.004988914237279708
2025-06-17,-0.0005534499150060901,0.17337675966132618,0.00028611324905615504,0.17373488200720286,0.0047763454218602616,0.16224590378171394,0.004034427470387571,0.16345869519399314,0.0008395631640622451,0.004490232172804106,0.003748314221331416,0.0003581223458766769,-0.011488978225488916,-0.010276186813209714
2025-06-18,0.0034317657052178644,0.26360914602947977,0.002926244539533346,0.26388469286868804,-0.005258372475836726,0.25216271820373315,-0.006738611430982158,0.2525251201772698,-0.0005055211656845183,-0.008184617015370071,-0.009664855970515505,0.00027554683920827383,-0.011721974664954893,-0.01135957269141824
2025-06-19,-0.003490201507357275,-0.10483720884460743,-0.003107662582569114,-0.10510318779545391,-0.0019980055975338386,-0.11010603739626805,-0.009388662798992363,-0.11085577794555466,0.0003825389247881614,0.0011096569850352752,-0.006281000216423249,-0.00026597895084648493,-0.005002849600814138,-0.005752590150100753
2025-06-20,-0.008788397376633268,0.043659167820124016,-0.008991356578466475,0.04294432172348905,-0.0042202865908535754,0.031319049203654026,-0.004983394759072672,0.028860513818869938,-0.00020295920183320722,0.0047710699876129,0.004007961819393803,-0.000714846096634969,-0.011625272519835021,-0.014083807904619109
2025-06-23,0.006532254070100748,-0.031060268651371205,0.005873743711319734,-0.031136924266610657,0.004829186473707896,-0.03821295448015344,0.00915873316135331,-0.038544411416427775,-0.0006585103587810138,-0.001044557237611838,0.003284989450033576,-7.665561523945152e-05,-0.007076030213542781,-0.007407487149817118
2025-06-24,0.005591716797690953,0.10864760138987578,0.005799666547509868,0.10833122385859514,0.004955681556529607,0.09612118548359985,0.0031047585518571173,0.09535752794367376,0.0002079497498189151,-0.0008439849909802613,-0.002694907995652751,-0.00031637753128063717,-0.012210038374995291,-0.012973695914921382
2025-06-25,-0.009724654021575279,0.1006024516414493,-0.008142123343538213,0.10114853203499506,-0.01222710524098823,0.08889061790873261,-0.006649015693676586,0.0884461042282668,0.0015825306780370661,-0.004084981897450017,0.0014931076498616268,0.0005460803935457559,-0.012257914126262454,-0.012702427806728256
2025-06-26,0.0038864644321418497,-0.11326556582980835,0.00367187673669857,-0.11295555794577748,0.0006470481723908719,-0.11843588213305212,0.002865339172523187,-0.11895752340749693,-0.0002145876954432798,-0.003024828564307698,-0.000806537564175383,0.00031000788403086343,-0.005480324187274635,-0.006001965461719452
2025-06-27,0.0032923203284298363,0.1726699161543601,0.004361111221301215,0.17241077689137926,0.006560315506868479,0.1604750198522055,0.004797329684197465,0.1600709892552565,0.0010687908928713788,0.002199204285567264,0.0004362184628962495,-0.0002591392629808231,-0.011935757039173767,-0.012339787636122757
2025-06-30,0.0027022549265910203,0.33924132634116644,0.00278177408704733,0.3392627235529366,0.0008834616760884037,0.32233254139901135,-0.003866902475105029,0.32179477302770204,7.951916045630981e-05,-0.0018983124109589265,-0.006648676562152359,2.1397211770135538e-05,-0.016930182153925222,-0.017467950525234532
2025-07-01,0.0019153905859400952,-0.0022795691830731356,0.0025513948948962827,-0.002490821819217749,0.0019144516065899833,-0.008476258712808857,0.0012578540992855781,-0.009117019654804371,0.0006360043089561876,-0.0006369432883062995,-0.0012935407956107046,-0.00021125263614461343,-0.0059854368935911085,-0.006626197835586622
2025-07-02,0.003383910181395237,0.18196919939654824,0.003605177081018235,0.18237743213513535,0.0016817454338123171,0.1635948107954786,0.0034332171424473184,0.16386400432716974,0.00022126689962299797,-0.0019234316472059177,-0.00017195993857091647,0.0004082327385871165,-0.018782621339656747,-0.01851342780796561
2025-07-03,-0.00647226924817185,0.12102356042285943,-0.0059362679339818435,0.12065431784888588,-0.004842041792446639,0.11358294530609121,-0.004609411382414953,0.11351709330267781,0.0005360013141900068,0.0010942261415352048,0.0013268565515668906,-0.000369242573973555,-0.007071372542794663,-0.0071372245462080625
2025-07-04,-0.009730390293343244,-0.02128625718034867,-0.009591787370278824,-0.021052487329327123,-0.011510720978254957,-0.025828295610054966,-0.011435852314668336,-0.025851627865858567,0.00013860292306441986,-0.0019189336079761324,-0.0018440649443895122,0.00023376985102154663,-0.004775808280727843,-0.004799140536531445
2025-07-07,0.00927322299305817,0.1906601897272338,0.008795608113279946,0.18986172030568443,0.008354080632066935,0.17500992037887844,0.010253601994716472,0.1767642856297536,-0.0004776148797782237,-0.000441527481213011,0.0014579938814365256,-0.0007984694215493748,-0.014851799926805992,-0.01309743467593083
2025-07-08,0.0035095514699402205,0.23051160784062266,0.0034424428593367905,0.23006009113225104,-0.0012397594802357596,0.21150909745258248,-0.003689881072125768,0.21205530114017826,-6.710861060342998e-05,-0.0046822023395725505,-0.0071323239314625584,-0.0004515167083716243,-0.01855099367966856,-0.01800478999207278
2025-07-09,0.006981016530398141,0.04269805438225815,0.007824522346185208,0.04299361000271022,0.008204606048332867,0.03647534118020614,0.004573155248628667,0.036794420560984066,0.0008435058157870668,0.00038008370214765927,-0.0032513670975565408,0.00029555562045207456,-0.006518268822504079,-0.0061991894417261564
2025-07-10,0.0036774588077931785,0.11297252478483459,0.004177267071009411,0.11390785395884657,0.0028251577232164347,0.09542908361254626,0.0015862036376080694,0.09659845991087251,0.0004998082632162327,-0.0013521093477929765,-0.002591063433401342,0.000935329174011984,-0.018478770346300313,-0.01730939404797406
2025-07-11,-0.002037190341719126,-0.029941473941769714,-0.0021999655875733644,-0.030010893508506765,-0.001376912870566095,-0.03800414518278186,-0.005152393681415617,-0.0375575382406977,-0.00016277524585423843,0.0008230527170072694,-0.002952428093842253,-6.941956673705077e-05,-0.007993251674275097,-0.0075466447321909345
2025-07-14,0.0062457066538544725,0.13089792563782376,0.006517393986639224,0.13083137327420907,0.004781736423153301,0.12278600497780291,0.01073000657942028,0.12301567420801617,0.00027168733278475164,-0.0017356575634859235,0.004212612592781055,-6.655236361469141e-05,-0.00804536829640616,-0.007815699066192908
2025-07-15,-0.0068548680813768385,-0.1333518339936817,-0.007008760740940008,-0.13393248083504197,-0.001806197236245678,-0.1366449410470981,-0.004059491296828812,-0.13590856923131184,-0.0001538926595631698,0.00520256350469433,0.0029492694441111966,-0.0005806468413602772,-0.0027124602120561225,-0.001976088396269865
2025-07-16,0.008637792329123598,0.17227006848897017,0.0086341990608247,0.17227002243991368,0.008845118676507776,0.1566041342524253,0.009920142316116022,0.15697041937202455,-3.593268298898375e-06,0.0002109196156830761,0.0012859432552913223,-4.604905648464275e-08,-0.015665888187488375,-0.015299603067889134
2025-07-17,0.0008643574981966684,0.16171981262482055,0.0007678135743894633,0.1619732148619962,0.000626395809220814,0.1477976632214308,0.0027487277290109526,0.1465335641173315,-9.654392380720514e-05,-0.00014141776516864927,0.0019809141546214895,0.0002534022371756539,-0.014175551640565415,-0.01543965074466469
2025-07-18,0.006508185740756393,0.19267411152814376,0.0067228251839672225,0.19277464991022378,0.005937449572892913,0.17003157837165275,0.008027000131760881,0.16923444650990377,0.00021463944321082912,-0.0007853756110743097,0.0013041749477936586,0.00010053838208001764,-0.022743071538571025,-0.02354020340032001
2025-07-21,0.015520701152683728,0.1771380390895528,0.01555243455354094,0.17754668413541644,0.015508918626043838,0.16501633426840653,0.013487854617045615,0.16611462587088005,3.1733400857211075e-05,-4.351592749710087e-05,-0.0020645799364953244,0.0004086450458636315,-0.012530349867009904,-0.011432058264536388
2025-07-22,0.013906916944947518,0.02301242068741616,0.013947525141609093,0.022492433169753478,0.008815105134718615,0.010958628848249968,0.009296280254476394,0.010231687980669866,4.060819666157518e-05,-0.005132420006890478,-0.0046512448871326995,-0.0005199875176626831,-0.01153380432150351,-0.012260745189083612
2025-07-23,0.01842415911505101,0.15948002344438872,0.01870752187611597,0.159212580733434,0.009313322545904898,0.14898003897712422,0.009025123155090225,0.14850375613370534,0.00028336276106495986,-0.009394199330211071,-0.009682398721025744,-0.0002674427109547184,-0.010232541756309776,-0.010708824599728661
2025-07-24,0.003669359440024646,0.060246876079815846,0.003493367790220008,0.06022114195284696,0.0014566396710318239,0.052365882391288955,-0.007496772764685007,0.05158275620472848,-0.00017599164980463796,-0.0020367281191881843,-0.010990140554905015,-2.5734126968886273e-05,-0.007855259561558005,-0.008638385748118482
2025-07-25,-0.0023708787037483585,-0.04124626706910508,-0.0025814903920237725,-0.041352230138233866,-0.0031121630176003403,-0.04724958199973262,0.0005796730389516758,-0.04690113963474125,-0.00021061168827541396,-0.0005306726255765678,0.0031611634309754483,-0.00010596306912878661,-0.005897351861498756,-0.0055489094965073815
2025-07-28,-0.0036518273429140664,0.22007434894130393,-0.003921490155843096,0.21992192523982568,-0.002690072243375145,0.20379691515568435,-0.001178803375631567,0.20467910367717412,-0.0002696628129290296,0.0012314179124679509,0.002742686780211529,-0.00015242370147824924,-0.016125010084141328,-0.015242821562651554
2025-07-29,-0.004676896553410752,-0.07125907680818319,-0.004262622797976321,-0.0721796200905188,-0.0042310844760777575,-0.076086823508279,-0.0057850502563005415,-0.07749344624383275,0.0004142737554344309,3.1538321898563586e-05,-0.0015224274583242204,-0.0009205432823356091,-0.003907203417760199,-0.0053138261533139525
2025-07-30,-0.0012609957803302672,0.1550959931971959,-0.0010723102229211075,0.1549148379343766,-0.0027320137263935947,0.13918202386334164,-0.00032409718181608283,0.14038115266471876,0.0001886855574091597,-0.0016597035034724872,0.0007482130411050247,-0.00018115526281931027,-0.015732814071034967,-0.014533685269657842
2025-07-31,0.004678291411833199,-0.015109228457408969,0.004572626561254584,-0.015590562563880857,0.0008033288397718748,-0.02681924596915752,0.007848664848728079,-0.02703296166248389,-0.00010566485057861459,-0.0037692977214827095,0.003276038287473495,-0.0004813341064718885,-0.011228683405276663,-0.011442399098603031
2025-08-01,0.008527556796942004,0.17942582746828759,0.008250539797843025,0.17948298200508583,0.014628444864818487,0.16962877753072295,0.01970116739164216,0.1698565050159942,-0.0002770169990989786,0.006377905066975461,0.011450627593799133,5.7154536798248445e-05,-0.009854204474362888,-0.009626476989091637
2025-08-04,0.0047332937430426625,0.029496208288218712,0.004974482696346785,0.02916077478795435,0.007879045950508947,0.019062765651668062,0.006287041952018614,0.01916859786173463,0.0002411889533041221,0.0029045632541621624,0.0013125592556718297,-0.00033543350026436075,-0.01009800913628629,-0.009992176926219721
2025-08-05,0.002254786648418475,0.08074753262216322,0.0019157158402458411,0.08101875016595787,0.0029379743085039133,0.0686877941715004,0.0025166179427408785,0.06853911008163296,-0.000339070808172634,0.0010222584682580721,0.0006009021024950374,0.00027121754379465235,-0.01233095599445748,-0.012479640084324908
2025-08-06,0.0004508765698593559,0.18930260178174613,0.00041460059713850303,0.18976528761734757,6.705363406783166e-05,0.17834667726174497,0.0013882045773909878,0.17831630939957788,-3.627597272085287e-05,-0.0003475469630706714,0.0009736039802524847,0.0004626858356014396,-0.011418610355602599,-0.01144897821776969
2025-08-07,-0.0017430786493489597,-0.04541448430912424,-0.0016289714908093293,-0.04509912760885751,0.0019731211020643305,-0.05578028859516366,-0.0008599897733206757,-0.055172572750014186,0.00011410715853963044,0.0036020925928736598,0.0007689817174886535,0.0003153567002667293,-0.01068116098630615,-0.010073445141156677
2025-08-08,0.009561164149917784,0.13984129225347217,0.009574996865288581,0.13961089618611675,0.009290853911218384,0.12752249398268858,0.006158008629377223,0.1269824036089372,1.3832715370797402e-05,-0.0002841429540701972,-0.0034169882359113583,-0.00023039606735542062,-0.012088402203428161,-0.012628492577179545
2025-08-11,0.005737546232887749,-0.061704299141165105,0.00558237536904043,-0.06163571053485921,0.004706715569460409,-0.06860445673020663,0.0033584160344178526,-0.06802025312906104,-0.0001551708638473188,-0.0008756597995800211,-0.0022239593346225772,6.858860630589575e-05,-0.006968746195347417,-0.0063845425942018336
2025-08-12,-0.0027244115111713326,0.20638793720378168,-0.002679068942815427,0.20637049797333856,-0.004743553452265954,0.19129917807100064,-0.005875979881923571,0.19201471718455138,4.534256835590561e-05,-0.002064484509450527,-0.0031969109391081444,-1.7439230443117015e-05,-0.015071319902337926,-0.014355780788787187
2025-08-13,-3.698745211887507e-05,-0.16577306788311597,3.1465476945719624e-05,-0.16576280389752324,-0.004928748719758226,-0.17428408965043254,-0.006823365647031436,-0.17464041729268245,6.84529290645947e-05,-0.004960214196703946,-0.006854831123977155,1.0263985592728897e-05,-0.008521285752909308,-0.008877613395159217
2025-08-14,-0.01438851318616373,-0.12534061942365435,-0.014020460664142866,-0.1254670071004929,-0.012643868820943729,-0.13647380476935897,-0.012194881779638263,-0.13577580169920586,0.0003680525220208647,0.0013765918431991372,0.0018255788845046028,-0.000126387676838563,-0.011006797668866058,-0.01030879459871295
2025-08-15,0.0023254735459995444,0.16598391021394912,0.0022086188602147803,0.16591623021897378,0.0018157858288206496,0.15127781889439423,-0.006915274283632679,0.15160406111691316,-0.00011685468578476405,-0.00039283303139413077,-0.00912389314384746,-6.767999497533927e-05,-0.014638411324579548,-0.014312169102060623
2025-08-18,-0.002230315071315808,0.20468466381015618,-0.002534809409450404,0.20491688964306498,-0.001910665690326046,0.18511002963538198,-0.0009943662468314704,0.18589134080319264,-0.00030449433813459605,0.0006241437191243579,0.0015404431626189336,0.00023222583290880006,-0.019806860007683003,-0.01902554883987234
2025-08-19,0.00633258014460719,0.3377475374931622,0.005512877611512573,0.3382375743244951,0.012960708141216314,0.32667774117975645,0.01413738339492068,0.326461145476193,-0.0008197025330946173,0.007447830529703742,0.008624505783408107,0.0004900368313328629,-0.01155983314473863,-0.0117764288483021
2025-08-20,0.001972845430381676,-0.12726289974130978,0.0022250630547493125,-0.12718313335716355,-0.002147234483645186,-0.13608988223824525,-0.0012596713959118924,-0.13580248631904307,0.0002522176243676365,-0.004372297538394498,-0.003484734450661205,7.976638414622372e-05,-0.0089067488810817,-0.008619352961879517
2025-08-21,-0.002224948800337319,-0.005663846275494397,-0.0024075981793143437,-0.005432384977604669,-0.002716330348923851,-0.015303177617537468,-0.0016054476077356757,-0.015201825498613932,-0.00018264937897702468,-0.00030873216960950736,0.000802150571578668,0.00023146129788972816,-0.0098707926399328,-0.009769440521009263
2025-08-22,-0.022848073021744464,0.2409520339928713,-0.02166942978770921,0.24091533261095602,-0.02056855505344221,0.22337250114948326,-0.021048113885243008,0.22384629551770766,0.001178643234035253,0.0011008747342669996,0.0006213159024662032,-3.6701381915277276e-05,-0.017542831461472758,-0.017069037093248363
2025-08-25,-0.008740618437800959,0.00985105660485634,-0.008900545040024854,0.00943787189603996,-0.014549981400034584,-0.0020582505316328816,-0.016139971472601253,-0.0013295050300742837,-0.00015992660222389522,-0.005649436360009729,-0.0072394264325763985,-0.00041318470881638106,-0.01149612242767284,-0.010767376926114243
2025-08-26,0.013655807065428363,-0.14363353087457567,0.013598050032057473,-0.14381863193293762,0.01031549626012681,-0.15437879251684053,0.01015087041728175,-0.1543712116035266,-5.775703337088968e-05,-0.003282553771930664,-0.0034471796147757233,-0.00018510105836194723,-0.010560160583902911,-0.01055257967058898
2025-08-27,-0.01059717425786234,0.09201610596062944,-0.0103164338224228,0.09187927691825239,-0.013530521906594645,0.0780558170600822,-0.009944108567755338,0.07810659882647236,0.00028074043543954014,-0.003214088084171845,0.0003723252546674622,-0.0001368290423770513,-0.013823459858170184,-0.013772678091780025
2025-08-28,-0.008424822089074913,-0.016673037414759253,-0.007956265802734952,-0.016237698370679073,-0.009997252827125994,-0.026976509409171196,-0.01732476698349008,-0.027170174590142218,0.0004685562863399606,-0.0020409870243910423,-0.009368501180755127,0.00043533904408018034,-0.010738811038492124,-0.010932476219463146
2025-08-29,-0.006819079288645139,0.19000282586891387,-0.00678439998148875,0.19033585206169767,-0.005841277478839792,0.17269851316068327,-0.013659428434174881,0.1741720771869493,3.4679307156389e-05,0.0009431225026489574,-0.006875028452686132,0.00033302619278380297,-0.017637338901014404,-0.016163774874748377
2025-09-01,0.007192678569471725,0.051995806039400023,0.006565261283252672,0.0516176880908406,0.00015693399860225993,0.037792784572941183,0.001594680027999036,0.03942676712563945,-0.0006274172862190527,-0.006408327284650413,-0.004970581255253636,-0.0003781179485594227,-0.013824903517899417,-0.012190920965201149
2025-09-02,-0.0016591947062389726,0.17394811869075444,-0.0014356769022387456,0.17431951692770936,0.0014569456409260079,0.16086079643659718,0.0018513136063726815,0.16225633692846841,0.00022351780400022697,0.0028926225431647537,0.0032869905086114273,0.0003713982369549229,-0.013458720491112186,-0.012063179999240947
2025-09-03,-0.005275940907566689,-0.21153816265626732,-0.005197912812554413,-0.21155642484366421,-0.010451136265343726,-0.2161937862356991,-0.008705933499462939,-0.21725862450416625,7.802809501227578e-05,-0.0052532234527893126,-0.0035080206869085254,-1.826218739689467e-05,-0.004637361392034883,-0.005702199660502033
2025-09-04,0.016400074401058135,0.08415081943092094,0.018657846567699154,0.08410338615585497,0.02337099861228038,0.06837783014559531,0.021319499358561797,0.06920385061464189,0.0022577721666410186,0.004713152044581226,0.002661652790862643,-4.7433275065969505e-05,-0.015725556010259656,-0.01489953554121308
2025-09-05,-0.0073380540847817685,0.06403076498015219,-0.006903232399590608,0.06418147760023658,-0.0097743241162547,0.04717826591119305,-0.012405136979554737,0.048741320842094565,0.0004348216851911609,-0.002871091716664092,-0.005501904579964129,0.00015071262008439779,-0.017003211689043535,-0.015440156758142018
2025-09-08,0.01178648414408712,0.022906874686329605,0.011223747200376711,0.02396636414787435,0.010716740106393716,0.015480235539715876,0.012600980321774619,0.016137888466391512,-0.0005627369437104096,-0.0005070070939829953,0.0013772331213979076,0.0010594894615447437,-0.008486128608158472,-0.007828475681482837
2025-09-09,-0.0018713008218539393,-0.019491983531629883,-0.002312315201156454,-0.019034163078258417,-0.0005737243173127094,-0.0293083929346593,0.0031935065784460446,-0.02822477262415665,-0.00044101437930251473,0.0017385908838437446,0.005505821779602498,0.0004578204533714665,-0.010274229856400884,-0.009190609545898232
2025-09-10,0.0008718621250548195,0.10489039309151031,0.0004838811629403985,0.10517478965394085,0.0012280088866326664,0.09450856571008547,0.0019386180545452986,0.09565562602941023,-0.000387980962114421,0.0007441277236922679,0.0014547368916049,0.0002843965624305389,-0.010666223943855385,-0.009519163624530619
2025-09-11,-0.003708329993020446,0.046871647381090405,-0.0030600019459425284,0.04718630148849756,-0.005187563070493792,0.030724613748506397,-0.006280328504999634,0.030860471598618985,0.0006483280470779176,-0.002127561124551264,-0.0032203265590571056,0.0003146541074071571,-0.016461687739991165,-0.016325829889878577
2025-09-12,0.007165616681152411,-0.0017669451355629966,0.007656377092179433,-0.0019852679921223203,0.003841216408897352,-0.015653421294612658,4.011025725215818e-05,-0.015034790160038556,0.0004907604110270221,-0.0038151606832820813,-0.007616266834927275,-0.00021832285655932365,-0.013668153302490337,-0.013049522167916236
2025-09-15,-0.006442507022294971,0.05400900908712239,-0.0063100653962078436,0.05308006627458528,-0.00766886765517179,0.04036512014652874,-0.009036703070063476,0.04062150473898673,0.0001324416260871271,-0.0013588022589639467,-0.0027266376738556324,-0.0009289428125371091,-0.012714946128056542,-0.012458561535598552
2025-09-16,0.00445182131529856,0.023055518128312625,0.004224067658088076,0.022913698697254015,0.009134798831596149,0.008175484411217158,0.00870200701265444,0.009242296415679646,-0.00022775365721048376,0.004910731173508073,0.0044779393545663635,-0.0001418194310586103,-0.014738214286036857,-0.013671402281574369
2025-09-17,0.00025323162673146715,0.1667825449134756,9.207916416579187e-05,0.16734601848531366,0.0002769674621530165,0.15496218801015574,-0.0012142068084883498,0.15601203514899678,-0.0001611524625656753,0.00018488829798722465,-0.0013062859726541416,0.0005634735718380579,-0.012383830475157925,-0.011333983336316883
2025-09-18,0.006156079804216375,-0.17217393954653745,0.005294131628745388,-0.17197003320577778,-0.004216108292990851,-0.17835271121480287,-0.000569178102368527,-0.17755893893904678,-0.0008619481754709871,-0.00951023992173624,-0.005863309731113915,0.00020390634075967418,-0.006382678009025089,-0.005588905733269006
2025-09-19,-0.00270367749539303,0.05393772683430424,-0.0023370558085234632,0.053708152433660394,-0.0015384181713626295,0.04108841253282148,-0.0042582082578030145,0.04239751560307889,0.00036662168686956657,0.0007986376371608337,-0.0019211524492795513,-0.0002295744006438477,-0.012619739900838915,-0.011310636830581505
2025-09-22,-0.012283893781028439,0.057784912434984445,-0.011702426241117893,0.05771579116132895,-0.011414246320189402,0.04944735858042855,-0.01308754192329541,0.049674557309900995,0.0005814675399105455,0.00028817992092849097,-0.0013851156821775169,-6.912127365549248e-05,-0.008268432580900403,-0.008041233851427958
2025-09-23,-0.004162444295649236,0.09333322184483406,-0.004987276727089666,0.09339998503503122,-0.004408737708096419,0.07970479171163886,-0.003825247628494067,0.08037076442839443,-0.0008248324314404296,0.0005785390189932465,0.0011620290985955989,6.676319019716104e-05,-0.013695193323392363,-0.01302922060663679
2025-09-24,0.005303246212615153,0.2665702277968693,0.0052979594131524815,0.2668010419074638,0.0037977840272045396,0.2487223421361951,0.0006825390426404309,0.25052873741436743,-5.28679946267159e-06,-0.0015001753859479419,-0.00461542037051205,0.00023081411059450163,-0.01807869977126869,-0.016272304493096357
2025-09-25,-0.011676904869468404,0.017789830690201826,-0.011384501596048587,0.018257765226400068,-0.01419073585251291,0.0026939372586370384,-0.014014002101588315,0.0032459939662396018,0.0002924032734198164,-0.002806234256464323,-0.002629500505539728,0.00046793453619824177,-0.015563827967763028,-0.015011771260160466
2025-09-26,0.011200476562465025,0.02683886587091305,0.010452434017819574,0.026651625420908803,0.008673497602601403,0.014141823020863522,0.008290869509709016,0.014254566559954423,-0.0007480425446454511,-0.0017789364152181707,-0.0021615645081105583,-0.00018724045000424738,-0.01250980240004528,-0.01239705886095438
2025-09-29,-0.008969170901050916,0.07236351942683697,-0.007796786540372613,0.07221412299872661,-0.005878060182466189,0.05529911513940179,-0.008968203039271426,0.055785686655192734,0.0011723843606783035,0.001918726357906424,-0.0011714164988988127,-0.0001493964281103627,-0.016915007859324815,-0.016428436343533873
2025-09-30,-0.00047319974748383654,0.1990446673338672,0.00068938736478491,0.19901654591674522,-0.004540082318708658,0.16974079826324695,-0.003043625961017978,0.17211945595940825,0.0011625871122687465,-0.005229469683493569,-0.0037330133258028884,-2.8121417121967918e-05,-0.029275747653498274,-0.026897089957336973
2025-10-09,-0.0129623320444803,0.01743035893343739,-0.00894505271329539,0.017801420537933613,-0.011682564595862985,0.0019484854250629547,-0.00894053766166376,0.00285402637181921,0.00401727933118491,-0.002737511882567595,4.515051631629602e-06,0.00037106160449622283,-0.01585293511287066,-0.014947394166114403
2025-10-10,0.01796638803209256,0.18665697614753685,0.020403376196219774,0.18576024149312795,0.03047321363598482,0.16854724936469268,0.026309552912680466,0.17001179601469868,0.002436988164127213,0.010069837439765045,0.005906176716460692,-0.0008967346544088983,-0.017212992128435273,-0.015748445478429268
2025-10-13,0.0004700508034659413,0.0030075733960391953,0.0007794705220575088,0.003304732188947241,-0.0034807317481974896,-0.010653263801592051,-0.006562989447357292,-0.010419831004484481,0.00030941971859156745,-0.004260202270254998,-0.007342459969414801,0.0002971587929080457,-0.013957995990539292,-0.013724563193431722
2025-10-14,0.008598888925429371,0.18499819079172286,0.009829690341128426,0.18486757611842475,0.014892166222734008,0.17654130377839455,0.01653865036055865,0.17716147037985006,0.0012308014156990552,0.005062475881605582,0.006708960019430225,-0.00013061467329811283,-0.008326272340030194,-0.007706105738574692
2025-10-15,-0.010418674645035864,0.14220735742337826,-0.011256368203898253,0.14204702370978556,-0.005768182689527402,0.1270725450238399,-0.009370012661600846,0.12842782525395863,-0.0008376935588623891,0.005488185514370851,0.0018863555422974077,-0.00016033371359269744,-0.014974478685945647,-0.01361919845582693
2025-10-16,-0.005321169146092864,0.02537406179036729,-0.006007576552766167,0.025059951151694574,-0.005287353059737385,0.013997360388348106,-0.005875128084334885,0.014334836527881522,-0.0006864074066733027,0.0007202234930287817,0.0001324484684312819,-0.0003141106386727148,-0.011062590763346468,-0.010725114623813052
2025-10-17,0.007194505801262302,0.06644379312619467,0.007488953983032344,0.06650480970368021,0.005416696427424643,0.06092672105756149,0.011376447079482387,0.06088259250125188,0.0002944481817700427,-0.0020722575556077014,0.003887493096450043,6.101657748554257e-05,-0.005578088646118716,-0.00562221720242833
2025-10-20,0.002826218592346277,0.15277489180683593,0.004086560676868337,0.15222758939938316,0.00390964855320479,0.14351355311994632,0.0011797347434274468,0.14399349543882262,0.0012603420845220597,-0.00017691212366354684,-0.00290682593344089,-0.0005473024074527655,-0.008714036279436843,-0.008234093960560546
2025-10-21,-0.003617314312078121,0.22172782411570935,-0.0033618795775401614,0.22123284227495557,0.0021745327448170135,0.2060471544880614,-0.002522153958650789,0.20702503521373047,0.00025543473453795967,0.005536412322357175,0.0008397256188893724,-0.0004949818407537776,-0.015185687786894164,-0.014207807061225097
2025-10-22,0.00411103326437238,-0.1270800814854833,0.004093335049521175,-0.12700123829985785,0.0034664303696390593,-0.13494587170455455,0.003261475035719128,-0.13449798414163533,-1.7698214851204555e-05,-0.0006269046798821161,-0.0008318600138020474,7.884318562545456e-05,-0.0079446334046967,-0.00749674584177748
2025-10-23,0.004016592142052671,-0.039060588646897904,0.004015894599246828,-0.038435964254823665,-0.00029878214634118503,-0.053180023478360955,0.00012558703726018404,-0.052636260280479505,-6.975428058428323e-07,-0.004314676745588013,-0.0038903075619866443,0.0006246243920742384,-0.01474405922353729,-0.01420029602565584
2025-10-24,-0.014467587077272425,0.07713872307190496,-0.012120507732135511,0.07718662738915832,-0.009094278380957926,0.0685084033295035,-0.012033384253780827,0.06915922510802672,0.002347079345136914,0.0030262293511775853,8.71234783546837e-05,4.790431725336386e-05,-0.008678224059654821,-0.008027402281131607
2025-10-27,-0.009025340052590338,-0.12806338148564037,-0.009860843133069895,-0.1280078615819153,-0.005653054684944481,-0.13772472050920226,-0.0058998330223360065,-0.13877123373668948,-0.0008355030804795566,0.004207788448125414,0.003961010110733888,5.5519903725070874e-05,-0.009716858927286964,-0.010763372154774187
2025-10-28,0.0037536406160506475,0.1860238150181265,0.004580707070942127,0.18610306261966914,0.007568077997188554,0.169751984178012,0.007404661550583999,0.17103761852196708,0.0008270664548914795,0.0029873709262464273,0.0028239544796418723,7.924760154262578e-05,-0.016351078441657146,-0.015065444097702052
2025-10-29,-0.007769625093280599,0.08648873634904813,-0.007573651860690197,0.08663530320134093,-0.014401233591464389,0.07897116879427138,-0.014926405892682845,0.07971478345034842,0.00019597323259040213,-0.006827581730774192,-0.007352754031992648,0.00014656685229279265,-0.007664134407069548,-0.006920519750992504
2025-10-30,-0.00413217554644495,0.107072683220175,-0.004207337500257944,0.10684862146301179,-0.0011824963954394317,0.0971508869839118,0.0009898654479651217,0.09662477905919477,-7.516195381299367e-05,0.003024841104818512,0.005197202948223066,-0.00022406175716321863,-0.009697734479099981,-0.010223842403817018
2025-10-31,0.024416025276369872,0.172774522996014,0.026860330747255367,0.1724733121450517,0.027500770433557115,0.16621007076592104,0.024424887414064435,0.16686126685560518,0.0024443054708854946,0.0006404396863017477,-0.002435443333190932,-0.00030121085096229683,-0.006263241379130674,-0.005612045289446532
2025-11-03,0.01007355974664842,,0.011972797051386845,,0.00399647992787358,,0.006251084692771158,,0.0018992373047384253,-0.007976317123513266,-0.005721712358615687,,,
